AA position,Variant105,p.G105C105,p.G105R105,p.G105D108,p.G108S108,p.G108C110,p.R110L110,p.R110C118,p.T118A118,p.T118R118,p.T118I127,p.S127F127,p.S127Y130,p.L130V130,p.L130F132,p.K132Q132,p.K132E132,p.K132W132,p.K132R132,p.K132M132,p.K132N135,p.C135W135,p.C135S135,p.C135F135,p.C135G135,p.C135Y136,p.Q136K136,p.Q136E136,p.Q136P136,p.Q136R136,p.Q136L136,p.Q136H138,p.A138P138,p.A138V138,p.A138A138,p.A138T140,p.T140I141,p.C141R141,p.C141G141,p.C141A141,p.C141Y141,p.C141S141,p.C141F141,p.C141W143,p.V143M143,p.V143A143,p.V143E145,p.L145Q145,p.L145R146,p.W146C146,p.W146L147,p.V147G151,p.P151T151,p.P151A151,p.P151S151,p.P151H151,p.P151R152,p.P152S152,p.P152R152,p.P152L155,p.T155P157,p.V157F158,p.R158H158,p.R158L159,p.A159V159,p.A159P159,p.A159S159,p.A159D161,p.A161T161,p.A161D163,p.Y163N163,p.Y163H163,p.Y163D163,p.Y163C163,p.Y163S164,p.K164E164,p.K164M164,p.K164N164,p.K164P168,p.H168Y168,p.H168P168,p.H168R168,p.H168L168,p.H168Q169,p.M169I169,p.M169T169,p.M169V171,p.E171K171,p.E171Q171,p.E171G171,p.E171A171,p.E171V171,p.E171D172,p.V172D173,p.V173M173,p.V173L173,p.V173G174,p.R174W175,p.R175G175,p.R175C175,p.R175H176,p.C176R176,p.C176G176,p.C176Y176,p.C176F176,p.C176S177,p.P177R177,p.P177R177,p.P177L178,p.H178D178,p.H178P178,p.H178Q179,p.H179Y179,p.H179R179,p.H179Q181,p.R181C181,p.R181Y186,p.D186G187,p.G187S190,p.P190L190,p.P190T193,p.H193N193,p.H193P193,p.H193L193,p.H193R194,p.L194F194,p.L194R195,p.I195F195,p.I195N195,p.I195T197,p.V197L199,p.G199V205,p.Y205N205,p.Y205C205,p.Y205H208,p.D208V213,p.R213Q213,p.R213P213,p.R213L213,p.R213Q214,p.H214D214,p.H214R215,p.S215G215,p.S215I215,p.S215R216,p.V216M217,p.V217G220,p.Y220N220,p.Y220H220,p.Y220S220,p.Y220C224,p.E224D232,p.I232F232,p.I232N232,p.I232T232,p.I232S234,p.Y234N234,p.Y234H234,p.Y234C234,p.Y234S236,p.Y236N236,p.Y236H236,p.Y236C237,p.M237V237,p.M237K237,p.M237I238,p.C238R238,p.C238G238,p.C238Y238,p.C238W239,p.N239T239,p.N239S241,p.S241Y241,p.S241C241,p.S241F242,p.C242G242,p.C242Y242,p.C242S242,p.C242F244,p.G244S244,p.G244C244,p.G244D245,p.G245S245,p.G245R245,p.G245C245,p.G245D245,p.G245A245,p.G245V245,p.G245S246,p.M246V246,p.M246K246,p.M246R246,p.M246I247,p.N247I248,p.R248W248,p.R248G248,p.R248Q249,p.R249G249,p.R249W249,p.R249T249,p.R249M250,p.P250L251,p.I251N252,p.L252P254,p.I254S255,p.I255F255,p.I255N255,p.I255S257,p.L257Q257,p.L257P258,p.E258K258,p.E258Q259,p.D259Y261,p.S261T262,p.G262D262,p.G262V265,p.L265P266,p.G266R266,p.G266E266,p.G266V267,p.R267W267,p.R267Q267,p.R267P271,p.E271K272,p.V272M272,p.V272L273,p.R273S273,p.R273G273,p.R273C273,p.R273H273,p.R273P273,p.R273L274,p.V274F274,p.V274D274,p.V274A274,p.V274G274,p.V274L275,p.C275Y275,p.C275S275,p.C275F276,p.A276P277,p.C277F278,p.P278T278,p.P278A278,p.P278S278,p.P278H278,p.P278R278,p.P278L279,p.G279E280,p.R280G280,p.R280K280,p.R280T280,p.R280I280,p.R280S281,p.D281N281,p.D281H281,p.D281Y281,p.D281G281,p.D281E282,p.R282G282,p.R282W282,p.R282Q282,p.R282P285,p.E285K285,p.E285V286,p.E286G286,p.E286V286,p.E286K