AA position,Variant100,p.H100R107,p.Y107D108,p.G108S110,p.R110L110,p.R110P113,p.F113S118,p.T118I120,p.K120E123,p.V123M125,p.T125R125,p.T125T126,p.Y126C126,p.Y126H127,p.S127P127,p.Y127C130,p.L130V132,p.K132E132,p.K132Q143,p.V143M145,p.L145R147,p.V147G152,p.G152D152,p.G152S152,p.P152L155,p.R155Q155,p.R155W155,p.T155I157,p.V157F157,p.V157G158,p.R158C158,p.R158H159,p.A159V162,p.I162N163,p.Y163C163,p.Y163D163,p.Y163H164,p.K164E172,p.V172D173,p.V173L173,p.V173M175,p.R175G175,p.R175H176,p.C176F176,p.C176G176,p.C176R176,p.C176S176,p.C176Y179,p.H179D179,p.H179L179,p.H179Q179,p.H179R179,p.H179Y181,p.R181H187,p.G187D190,p.P190L193,p.H193L193,p.H193R193,p.H193Y194,p.L194H194,p.L194R195,p.I195F195,p.I195S195,p.I195T205,p.Y205D205,p.Y205H213,p.R213Q214,p.H214Q214,p.H214R215,p.S215G215,p.S215R216,p.V216M220,p.Y220C220,p.Y220H232,p.I232T234,p.Y234C234,p.Y234H234,p.Y234N234,p.Y234S236,p.Y236C236,p.Y236H236,p.Y236N237,p.M237I238,p.C238S238,p.C238Y239,p.N239D239,p.N239S240,p.S240G240,p.S240R241,p.S241C241,p.S241F241,p.S241P241,p.S241Y242,p.C242R244,p.G244C244,p.G244D244,p.G244S244,p.G244V245,p.G245C245,p.G245D245,p.G245S245,p.G245V246,p.M246V248,p.R248G248,p.R248Q248,p.R248W249,p.R249M249,p.R249S249,p.R249W254,p.I254N255,p.I255F257,p.L257P258,p.E258D258,p.E258K265,p.L265P266,p.G266E272,p.V272M273,p.R273C273,p.R273H273,p.R273P275,p.C275F275,p.C275Y276,p.A276S277,p.C277F277,p.C277Y278,p.P278L278,p.P278R278,p.P278S280,p.R280G281,p.D281N281,p.D281Y282,p.R282G282,p.R282W285,p.E285K286,p.E286K290,p.R290H